2025-06-14 22:05:35.197342,6576765756,6576765756_S14A0001.JPG,Rejected
2025-06-14 22:11:36.855828,6576765756,6576765756_S14A0001.JPG,Rejected
2025-06-14 22:21:19.200199,6576765756,6576765756_S14A0001.JPG,Rejected
2025-06-14 22:29:24.161022,6576765756,6576765756_S14A0001.JPG,Rejected
2025-06-14 22:29:48.200259,6576765756,6576765756_S14A0001.JPG,Rejected
2025-06-14 22:30:09.127309,6576765756,6576765756_S14A0001.JPG,Rejected
2025-06-14 22:30:27.190274,67766577h67688,67766577h67688_WhatsApp Image 2025-06-14 at 21.11.03.jpeg,Approved
2025-06-14 22:30:45.002081,67766577h67688,67766577h67688_WhatsApp Image 2025-06-14 at 21.11.03.jpeg,Approved
2025-06-14 22:32:37.781208,67766577h67688,67766577h67688_WhatsApp Image 2025-06-14 at 21.11.03.jpeg,Approved
2025-06-14 22:46:42.068685,67766577h67688,67766577h67688_WhatsApp Image 2025-06-14 at 21.11.03.jpeg,Approved
2025-06-14 22:49:07.044395,875869686958,875869686958_WhatsApp Image 2025-06-14 at 21.11.03.jpeg,Approved
2025-06-14 22:50:32.691425,57577566757656,57577566757656_WhatsApp Image 2025-06-14 at 21.11.03.jpeg,Approved
2025-06-15 08:59:49.185725,546464646644,546464646644_WhatsApp Image 2025-06-14 at 21.11.03.jpeg,Approved
2025-06-15 09:03:55.330185,64575676,64575676_WhatsApp Image 2025-06-14 at 21.11.03.jpeg,Pending
2025-06-15 09:04:17.551424,64575676,64575676_WhatsApp Image 2025-06-14 at 21.11.03.jpeg,Pending
